guest_id,name,email,phone,country
1,Brianna Davis,kristen60@example.net,556.539.1455,American Samoa
2,Diana Lawson,hernandezcathy@example.org,707.932.3572,Pitcairn Islands
3,Christopher Powell,alisonmoon@example.org,8156939514,Saint Kitts and Nevis
4,William Oconnor,zamoralinda@example.net,(225)975-6947x3270,Uganda
5,Mr. Adam Berg DDS,sheltonmark@example.org,+1-509-247-3533x477,Norfolk Island
6,Amanda Jones,xsmith@example.com,(921)756-0870,Malawi
7,Patrick Allen,calderonrichard@example.com,+1-366-701-3492x06766,Bouvet Island (Bouvetoya)
8,Michele Cooper,ariel89@example.com,001-240-816-4267x2874,Syrian Arab Republic
9,Tamara Roy,dylanjones@example.com,001-201-312-8469x31658,Spain
10,Kelly Gray,terrellamber@example.com,685-229-4681,Israel
11,Katrina Park,powellmorgan@example.net,9143385580,Puerto Rico
12,Charles Burns,elizabethclark@example.org,+1-750-487-4258,Reunion
13,Wayne Mccarthy,virginiagoodman@example.com,001-469-819-8677,Marshall Islands
14,Gene Tyler,jonhall@example.net,+1-409-604-1315x797,Saint Pierre and Miquelon
15,Paul Moore,vrivera@example.net,+1-353-919-7247x562,Bangladesh
16,Brittany Long,spencermelvin@example.net,5666583772,Liechtenstein
17,Jill Williams,brownchristopher@example.org,963.946.2645,Burundi
18,Eric Russell,xgeorge@example.net,689.485.4224x860,Turkmenistan
19,Antonio Decker,huntermoore@example.org,(355)342-6928x29042,Belgium
20,Michael Henderson,michael92@example.com,+1-425-355-4675x775,Palestinian Territory
21,Joseph Proctor,morrisjames@example.com,(776)682-9434x61158,Cape Verde
22,Jeffrey Williams,kdillon@example.com,(941)695-2132x1409,Netherlands Antilles
23,Dominique Nichols,linda14@example.org,(502)590-3725x7551,Hong Kong
24,Denise Ortiz,nelsonmichael@example.com,001-871-507-0948x484,Kuwait
25,Alexander Hill,kelleymichael@example.org,(581)458-9463x241,Nicaragua
26,Shawn Torres,stevensdaniel@example.com,(249)818-1051,Venezuela
27,Justin Alexander,rcooper@example.net,(832)864-3811x4771,Pakistan
28,Lisa Wilkinson,stoneautumn@example.com,218.356.4670x749,Nauru
29,Brent Wood,cabrerajennifer@example.org,599-867-5332,Comoros
30,William Pierce,frank21@example.net,+1-558-919-1724,Guatemala
31,Jennifer Martinez,wrightcassandra@example.com,(314)462-1205x31054,Libyan Arab Jamahiriya
32,Chad Davis,mmartinez@example.org,787-992-2453x7818,Kuwait
33,Julie Foster,csanchez@example.org,711-624-6163x211,Qatar
34,Cindy Mann,sheltonmelissa@example.net,+1-868-910-0832x801,Turkmenistan
35,Sarah Jensen,ztaylor@example.net,2674167638,Bouvet Island (Bouvetoya)
36,Jeffrey Jenkins,qfoster@example.com,384.326.3487x472,Sao Tome and Principe
37,Charles Davis,emily01@example.net,755-492-8584x9374,Denmark
38,Charlotte Contreras,brian10@example.com,347-406-5140x443,Bouvet Island (Bouvetoya)
39,Timothy Wiley,wbowen@example.org,829.831.2064,Iceland
40,Amber Carrillo,markchapman@example.net,801-206-0520x5356,China
41,Meghan Green,conwaykristi@example.org,+1-873-794-0500x637,Burkina Faso
42,John Nguyen,whitney60@example.org,001-518-327-3936x3876,Belarus
43,Robert Miller,nguyensara@example.net,980.920.0942x141,South Africa
44,Haley Myers PhD,danny25@example.com,539-913-5927x3070,Peru
45,Caleb Contreras,williamschad@example.com,2535178390,Djibouti
46,Erik Santos,amber29@example.net,(963)527-5728x7968,Argentina
47,Kyle Hamilton,olivermichaela@example.com,876-866-9662x4979,Bangladesh
48,Evelyn Olsen,oparker@example.net,+1-347-627-9001,Taiwan
49,Evan Branch,aimeepacheco@example.net,720-853-8742,Finland
50,Taylor Rodriguez,ogray@example.org,001-567-546-4046x31924,Bolivia
51,Daniel Mcdonald,timmurphy@example.com,847.573.4120,Estonia
52,Jamie Schmitt,wilsonmatthew@example.com,001-649-388-0195x32396,Zambia
53,Helen Adkins,sosarobert@example.net,897.336.3973x59434,Liberia
54,Mrs. Candice Campbell,orodriguez@example.com,001-315-755-9463x558,Palau
55,Deanna Spencer,mcconnellalexandria@example.net,372.700.9303x217,Guinea
56,Kelly Young,john45@example.org,505.635.3097,Serbia
57,Todd Shea,aochoa@example.com,363.305.8266x89847,Sierra Leone
58,Marvin Hampton,kimberlyboyer@example.org,688.739.7466,Bolivia
59,Dr. Gregory Nicholson,rhuerta@example.org,(920)360-9482,Palau
60,Daniel Wall,kellyrobert@example.net,+1-268-508-7178x4437,Honduras
61,Tina Davis,tevans@example.com,568.909.2455,Malaysia
62,Robert Hill,ronald59@example.com,240-284-1219x379,Pitcairn Islands
63,Alexis Smith,kcameron@example.net,9405452504,Madagascar
64,Cheryl Powell,jimmy20@example.net,(826)577-0576x930,Jordan
65,Shane Pratt,michaelsmith@example.net,(293)314-6833,Lithuania
66,Mark Hansen,eevans@example.org,+1-788-413-8887x47674,Cocos (Keeling) Islands
67,Jennifer Duke,leedustin@example.com,880.213.3453,Liberia
68,Kenneth Sanders,qfernandez@example.com,700.415.2327,Uzbekistan
69,Bryan White,beanbrittney@example.net,256-900-3448x4491,Turkey
70,Martin Alexander MD,nevans@example.net,228-271-2261x2938,Eritrea
71,James Baker,cookbrandon@example.org,225-903-5113,Latvia
72,Abigail Downs,jasondixon@example.net,413.297.0873x33049,Netherlands
73,Justin Nunez,brentsmith@example.com,618.711.2668,Portugal
74,Wesley Rhodes,michaelmoore@example.net,(712)482-4088x0043,Isle of Man
75,Jesus Hart,nathaniel94@example.net,5698179678,Guernsey
76,Wendy Walker,robert63@example.net,001-641-799-0748x74847,Netherlands Antilles
77,Amanda Parker,kevinrobinson@example.net,(406)310-0548x7429,Niger
78,Martin Williams,jessica97@example.net,001-900-771-4011x34066,Bouvet Island (Bouvetoya)
79,Wayne Simmons,wellsdiamond@example.org,(466)201-8914x5899,Senegal
80,Matthew Velazquez,emoore@example.com,+1-816-324-7950,Czech Republic
