review_id,booking_id,rating,comment
1,79,2,Clearly available save country money important family single commercial whose card over arm teacher recognize value.
2,88,3,Others bill myself account agreement price hit together.
3,98,2,Between shoulder determine stuff drop around hour whole age industry marriage.
4,73,4,Set writer form rise south security she line theory and how least card remain certain.
5,88,1,Call billion college respond best particularly American stock.
6,73,4,Near set local item many answer newspaper.
7,48,3,Both move white black name true suggest present however.
8,1,3,Truth century according fish require pick audience many TV.
9,1,5,Include increase moment debate receive even truth evidence sing offer do small treat remember.
10,97,5,Role station see ten phone finally trip sing create production consider.
11,112,1,Southern security community audience see investment yeah.
12,31,1,Sell reflect one measure happen individual fly mention Republican else.
13,26,4,Full social life range kitchen close investment scene each.
14,96,3,Well season partner serious field student partner sing.
15,24,4,Discuss place drop nor small hour interesting much front too serious either him stay camera feel.
16,26,3,Report population course answer behind economy social decide program pressure resource industry raise what party.
17,91,3,Only away president wife admit rest change same before its benefit wall their approach.
18,19,2,Long include clear above price tough condition dream exactly success continue set.
19,37,5,Security heart live plant great hair sport.
20,106,5,Others choose start voice per first cold.
21,96,4,Share both improve meeting more employee network beyond anything catch lose environment situation.
22,37,1,Local soldier or indicate the service front.
23,45,4,Themselves child care decision particular summer government thing join development debate a check store.
24,109,1,Treatment college look cup fly they dream police.
25,11,1,Hot picture produce she name enjoy involve add agree industry yourself now help culture.
26,67,2,Art gun management direction partner quite agency end painting management be subject usually law democratic.
27,28,2,Black difference actually administration use professional bed identify think science reflect where open not.
28,75,4,Sea pretty your like lay goal reveal expect shoulder meeting someone teach girl method police.
29,23,1,Bring fill meet place what specific large marriage pattern term group gun tax.
30,103,3,Network could various resource why number culture.
31,67,2,Reach must environmental draw reduce answer feel camera law.
32,22,2,Party project cause whatever example none soldier black.
33,21,4,Garden TV since religious environmental all science among picture model skill song like.
34,48,3,Study condition buy idea natural both especially.
35,27,4,Actually indeed live movie imagine religious former leader life language without industry.
36,6,5,Possible able successful where rate short final public remember television size long talk.
37,55,1,Successful summer white almost everybody player current such especially doctor old down drive.
38,53,1,Television like simple face couple dark our final particularly subject go short service.
39,55,4,Answer character particular attention door oil behind environment mouth teach response maintain space.
40,20,5,High trial difference production respond people political act Mr success we season though close speech.
41,58,4,Some computer choice across manager prove require place me fall party trouble.
42,11,4,Race great adult account too somebody computer education environmental down air.
43,7,5,Attack plan wrong day consumer how quality identify half now degree husband born.
44,31,1,How all court bill great real together citizen now step mission interesting.
45,95,5,Our home dark represent case Republican protect wish newspaper speech him tree run movie keep.
46,85,1,Among pressure now people different still among movement break base rule need.
47,75,3,South may property low may music visit rule teacher interview contain provide discover pay join.
48,36,2,Task test need economic traditional visit brother.
49,87,3,Senior himself bad western hot professional affect join.
50,46,2,Language forget evidence perform health buy wind authority try very.
51,112,2,Particularly threat quickly respond attorney various base far way nice edge money structure blue social.
52,77,5,During participant somebody want language effort him art life.
53,10,4,Pass knowledge blue amount together short likely newspaper daughter hospital.
54,98,5,Theory represent certain clearly officer series suffer use us until either.
55,83,1,Who major store girl spring television major management ten smile together Congress dog side class may.
56,118,1,Pm discover method account entire across surface place better other nor show.
57,63,5,Others fact writer trade painting finish fire believe simple purpose.
58,79,4,Measure again fish rock court wide model trouble collection season lay plan reality evening approach.
59,97,3,Keep they book piece national she thing cost fund fine side those relationship religious voice.
60,97,5,Leave force around floor despite song maintain decade compare account street age then.
